ean/modelo,cod_interno,producto,marca,precio_online,precio_cuotas,garantia,url,timestamp
15-EH0004LA,364017,"Notebook HP Pavilion 15,6” AMD Ryzen 3 8GB 256GB SSD 15-EH0004LA",HP,$99.999,ND,ND,https://www.fravega.com/p/notebook-hp-pavilion-15-6-amd-ryzen-3-8gb-256gb-ssd-15-eh0004la-364017/,2022-03-22 20:33:41
14-DK1016LA,364043,"Notebook HP 14-dk1016la AMD Athlon Silver 3050U 4GB 256GB SSD 14""",HP,$59.999,ND,ND,https://www.fravega.com/p/notebook-hp-14-dk1016la-amd-athlon-silver-3050u-4gb-256gb-ssd-14--364043/,2022-03-22 20:33:41
VJFE52A1311H,364065,"Notebook VAIO 15,6"" Core i5 8GB 256gb VJFE52A1311H",VAIO,$114.999,ND,ND,https://www.fravega.com/p/notebook-vaio-15-6-core-i5-8gb-256gb-vjfe52a1311h-364065/,2022-03-22 20:33:41
A315-23-R2YB,364048,"Notebook Acer 15,6"" AMD Athlon 4GB 1TB A315-23-R2YB",ACER,$67.999,ND,ND,https://www.fravega.com/p/notebook-acer-15-6-amd-athlon-4gb-1tb-a315-23-r2yb-364048/,2022-03-22 20:33:41
S145-81UV00AM,363866,"Notebook Lenovo 14"" AMD 3020 4GB 500GB 145-81UV00AM",LENOVO,$64.999,ND,ND,https://www.fravega.com/p/notebook-lenovo-14-amd-3020-4gb-500gb-145-81uv00am-363866/,2022-03-22 20:33:41
IP5-82FG00JEAR,364158,"Notebook Lenovo 15,6"" Core i7-1165G7 256GB 8GB IP5-82FG00JEAR",LENOVO,$169.999,ND,ND,https://www.fravega.com/p/notebook-lenovo-15-6-core-i7-1165g7-256gb-8gb-ip5-82fg00jear-364158/,2022-03-22 20:33:41
14-CF2533LA,363918,"Notebook HP 14"" 4GB 256GB Intel Core i3 14-CF2533LA",HP,$82.999,ND,ND,https://www.fravega.com/p/notebook-hp-14-4gb-256gb-intel-core-i3-14-cf2533la-363918/,2022-03-22 20:33:42
VJFE52A1411H,364084,"Notebook VAIO 15,6"" Core i7 8G 512GB VJFE52A1411H",VAIO,$149.999,ND,ND,https://www.fravega.com/p/notebook-vaio-15-6-core-i7-8g-512gb-vjfe52a1411h-364084/,2022-03-22 20:33:42
IP5-82LM00B2AR,364058,Notebook Lenovo 14” AMD Ryzen 7 8GB 256GB SSD IP5-82LM00B2AR,LENOVO,$139.999,ND,ND,https://www.fravega.com/p/notebook-lenovo-14-amd-ryzen-7-8gb-256gb-ssd-ip5-82lm00b2ar-364058/,2022-03-22 20:33:42
81WA00D8AR,364016,"Notebook Lenovo IdeaPad 14"" 4GB 256GB Core i3 81WA00D8AR",LENOVO,$82.999,ND,ND,https://www.fravega.com/p/notebook-lenovo-ideapad-14-4gb-256gb-core-i3-81wa00d8ar-364016/,2022-03-22 20:33:42
VJFE52A1211H,364042,"Notebook VAIO 15,6"" Core i3 8GB 256GB VJFE52A1211H",VAIO,$92.999,ND,ND,https://www.fravega.com/p/notebook-vaio-15-6-core-i3-8gb-256gb-vjfe52a1211h-364042/,2022-03-22 20:33:42
15-ec1035la,364039,Notebook HP Gamer Pavilion AMD Ryzen 5 8GB 256 GB SSD 15-ec1035la,HP,$119.999,ND,ND,https://www.fravega.com/p/notebook-hp-gamer-pavilion-amd-ryzen-5-8gb-256-gb-ssd-15-ec1035la-364039/,2022-03-22 20:33:42
15-DW1080LA,364067,"Notebook HP 15,6” Intel Celeron 4GB 1TB 15-DW1080LA",HP,$69.999,ND,ND,https://www.fravega.com/p/notebook-hp-15-6-intel-celeron-4gb-1tb-15-dw1080la-364067/,2022-03-22 20:33:42
VOST3405-TF2Y5,364173,Notebook Dell 14” AMD Ryzen 5 8GB 256GB SSD VOST3405-TF2Y5,DELL,$119.999,ND,ND,https://www.fravega.com/p/notebook-dell-14-amd-ryzen-5-8gb-256gb-ssd-vost3405-tf2y5-364173/,2022-03-22 20:33:42
91X515EA-EJ1342T,364060,"Notebook Asus 15,6” Intel Core i3 4GB 256GB SSD 91X515EA-EJ1342T",ASUS,$94.999,ND,ND,https://www.fravega.com/p/notebook-asus-15-6-intel-core-i3-4gb-256gb-ssd-91x515ea-ej1342t-364060/,2022-03-22 20:33:43
15-EH0009LA,364081,"Notebook HP Pavilion 15,6” AMD Ryzen 7 8GB 512GB SSD 15-EH0009LA",HP,$159.999,ND,ND,https://www.fravega.com/p/notebook-hp-pavilion-15-6-amd-ryzen-7-8gb-512gb-ssd-15-eh0009la-364081/,2022-03-22 20:33:43
MQD32LE/A,363821,"MacBook Air 13"" Core i5 128GB 8GB MQD32LE/A",APPLE,$179.999,ND,ND,https://www.fravega.com/p/macbook-air-13-core-i5-128gb-8gb-mqd32le-a-363821/,2022-03-22 20:33:43
81WD00LPAR,364034,"Notebook Lenovo IdeaPad 14"" 8GB 256GB Core i7 81WD00LPAR",LENOVO,$139.999,ND,ND,https://www.fravega.com/p/notebook-lenovo-ideapad-14-8gb-256gb-core-i7-81wd00lpar-364034/,2022-03-22 20:33:43
Lenovo 14w (AMD),20022800,Notebook Lenovo 14w 14 AMD A6 4gb 128GB SSD – Black,LENOVO,$39.999,ND,ND,https://www.fravega.com/p/-notebook-lenovo-14w-14-amd-a6-4gb-128gb-ssd-black-20022800/,2022-03-22 20:33:43
Sirius DW-N14GR3001,363776,"Cloudbook Daewoo 14,1” Intel Celeron 4GB 64GB DW-N14GR3001",DAEWOO,$44.999,ND,ND,https://www.fravega.com/p/cloudbook-daewoo-14-1-intel-celeron-4gb-64gb-dw-n14gr3001-363776/,2022-03-22 20:33:43
INS3505FHR7R,364044,"Notebook Dell Inspiron 15,6"" AMD Ryzen 5 256GB 8GB INS3505FHR7R+365",DELL,$109.999,ND,ND,https://www.fravega.com/p/notebook-dell-inspiron-15-6-amd-ryzen-5-256gb-8gb-ins3505fhr7r-365-364044/,2022-03-22 20:33:43
ND,20007805,Notebook Iqual Nq3x Intel Core I3 10ma 8gb 1tb Fullhd Win 10,IQUAL,$77.999,ND,ND,https://www.fravega.com/p/notebook-iqual-nq3x-intel-core-i3-10ma-8gb-1tb-fullhd-win-10-20007805/,2022-03-22 20:33:44
A515-54-36VC,364013,"Notebook Acer 15,6"" Intel Core i3 4GB 1TB 515-54-36VC",ACER,$82.999,ND,ND,https://www.fravega.com/p/notebook-acer-15-6-intel-core-i3-4gb-1tb-515-54-36vc-364013/,2022-03-22 20:33:44
ND,50025825,"Cloudbook eNova 14"" Celeron N3350 RAM 4GB SSD 64GB Win 10 Home",ENOVA,$55.659,ND,ND,https://www.fravega.com/p/cloudbook-enova-14-celeron-n3350-ram-4gb-ssd-64gb-win-10-home-50025825/,2022-03-22 20:33:44
ND,50021214,"Notebook eNova 14"" Intel Core i5 1035G1 + RAM 8GB + SSD 480GB + Windows 10 Home",ENOVA,$118.249,ND,ND,https://www.fravega.com/p/notebook-enova-14-intel-core-i5-1035g1-ram-8gb-ssd-480gb-windows-10-home-50021214/,2022-03-22 20:33:44
C141EP-I3ST-W10H,50014718,"Notebook eNova 14"" Intel Core i3-1005G1 8GB RAM 240GB SSD C141EP-I3ST-W10H",ENOVA,$103.531,ND,ND,https://www.fravega.com/p/notebook-enova-14-intel-core-i3-1005g1-8gb-ram-240gb-ssd-c141ep-i3st-w10h-50014718/,2022-03-22 20:33:44
P46,364211,"Notebook Exo 14,1” Celeron 4GB 128GB SSD P46",EXO,$54.999,ND,ND,https://www.fravega.com/p/notebook-exo-14-1-celeron-4gb-128gb-ssd-p46-364211/,2022-03-22 20:33:45
26N58LT,364035,"Notebook HP Probook 14"" 8GB 256GB Core i7 26N58LT",HP,$149.999,ND,ND,https://www.fravega.com/p/notebook-hp-probook-14-8gb-256gb-core-i7-26n58lt-364035/,2022-03-22 20:33:45
P49PLUS,363985,"Notebook Exo 14,1” Celeron 4GB 1TB P49PLUS",EXO,$61.999,ND,ND,https://www.fravega.com/p/notebook-exo-14-1-celeron-4gb-1tb-p49plus-363985/,2022-03-22 20:33:45
82LM00B0AR,363981,"Notebook Lenovo IdeaPad5 14"" Ryzen 3 4GB 256GB 82LM00B0AR",LENOVO,$84.999,ND,ND,https://www.fravega.com/p/notebook-lenovo-ideapad5-14-ryzen-3-4gb-256gb-82lm00b0ar-363981/,2022-03-22 20:33:46
15-3501-P0DTH365,363960,"Notebook Dell 15,6” Intel Core i3 1TB 4GB 15-3501-P0DTH365",DELL,$84.999,ND,ND,https://www.fravega.com/p/notebook-dell-15-6-intel-core-i3-1tb-4gb-15-3501-p0dth365-363960/,2022-03-22 20:33:46
81Y400M0,364109,"Notebook Lenovo Gamer IdeaPad Gaming 15,6"" Core i5 8GB 256GB+1TB 81Y400M0",LENOVO,$179.999,ND,ND,https://www.fravega.com/p/notebook-lenovo-gamer-ideapad-gaming-15-6-core-i5-8gb-256gb-1tb-81y400m0--364109/,2022-03-22 20:33:46
AT300N,363755,"Cloudbook BGH 14"" Intel Atom 2GB 32GB AT300N",POSITIVO-BGH,$39.999,ND,ND,https://www.fravega.com/p/cloudbook-bgh-14-intel-atom-2gb-32gb-at300n-363755/,2022-03-22 20:33:46
IP5-82FG00JD,364145,"Notebook Lenovo 15,6"" Core i5-1135G7 256GB 8GB IP5-82FG00JD",LENOVO,$134.999,ND,ND,https://www.fravega.com/p/notebook-lenovo-15-6-core-i5-1135g7-256gb-8gb-ip5-82fg00jd-364145/,2022-03-22 20:33:46
IP3-82H701ALAR,364086,"Notebook Lenovo IdeaPad 3 14"" Intel Core i7 8GB 512GB 82H701ALAR",LENOVO,$169.999,ND,ND,https://www.fravega.com/p/notebook-lenovo-ideapad-3-14-intel-core-i7-8gb-512gb-82h701alar-364086/,2022-03-22 20:33:46
94N14WCE128,364019,"Notebook Noblex 14.1"" Celeron 4GB 128GB 94N14WCE128",NOBLEX,$46.999,ND,ND,https://www.fravega.com/p/notebook-noblex-14-1-celeron-4gb-128gb-94n14wce128-364019/,2022-03-22 20:33:47
82JW003JAR,364123,"Notebook Lenovo Gamer Legion 5 15,6"" Ryzen 5 16GB 512GB 82JW003JAR",LENOVO,$199.999,ND,ND,https://www.fravega.com/p/-notebook-lenovo-gamer-legion-5-15-6-ryzen-5-16gb-512gb-82jw003jar-364123/,2022-03-22 20:33:47
IPG-82EY0002AR,364071,"Notebook Lenovo Gamer 15,6"" AMD Ryzen 128GB+1TB 8GB IPG-82EY0002AR",LENOVO,$155.999,ND,ND,https://www.fravega.com/p/notebook-lenovo-gamer-15-6-amd-ryzen-128gb-1tb-8gb-ipg-82ey0002ar-364071/,2022-03-22 20:33:47
ThinkPad L15 Gen 2,20016878,"Notebook Lenovo 15.6"" Core I3-1135G7 8GB RAM 256GB SSD ThinkPad L15",LENOVO,$106.000,ND,ND,https://www.fravega.com/p/notebook-lenovo-15-6-core-i3-1135g7-8gb-ram-256gb-ssd-thinkpad-l15-20016878/,2022-03-22 20:33:47
ND,20007786,Notebook 14 Iqual Nq5x Intel Core I5 10ma 8gb 1tb 1080p W10,IQUAL,$96.999,ND,ND,https://www.fravega.com/p/notebook-14-iqual-nq5x-intel-core-i5-10ma-8gb-1tb-1080p-w10-20007786/,2022-03-22 20:33:47
ND,50025887,"Notebook eNova 14"" Intel Core i3 1005G1 RAM 8GB HDD 1T Windows 10 Home",ENOVA,$111.179,ND,ND,https://www.fravega.com/p/notebook-enova-14-intel-core-i3-1005g1-ram-8gb-hdd-1t-windows-10-home-50025887/,2022-03-22 20:33:47
C141EK5-SC512-W10H,50021626,"Notebook eNova 14"" Intel Core i5 1035G1 + RAM 8GB + SSD 240GB + Win 10 Home",ENOVA,$148.299,ND,ND,https://www.fravega.com/p/notebook-enova-14-intel-core-i5-1035g1-ram-8gb-ssd-240gb-win-10-home-50021626/,2022-03-22 20:33:47
CK2092LA,363920,"Notebook HP 14"" Core i3 4GB 128GB 14-CK2092LA",HP,$76.999,ND,ND,https://www.fravega.com/p/notebook-hp-14-core-i3-4gb-128gb-14-ck2092la-363920/,2022-03-22 20:33:48
AN515-55-57BW,364028,"Notebook Acer 15,6"" Core i5 8GB 1TB HDD 256GB SSD GTX1650 AN515-55-57BW",ACER,$159.999,ND,ND,https://www.fravega.com/p/notebook-acer-15-6-core-i5-8gb-1tb-hdd-256gb-ssd-gtx1650-an515-55-57bw-364028/,2022-03-22 20:33:48
81Y600CCAR,364134,"Notebook Lenovo Gamer Legion 5 15,6"" Core i7 16GB 128GB LG5-81Y600CCAR",LENOVO,$269.999,ND,ND,https://www.fravega.com/p/notebook-lenovo-gamer-legion-5-15-6-core-i7-16gb-128gb-lg5-81y600ccar-364134/,2022-03-22 20:33:48
EF26,20018191,Notebook HP AMD Ryzen 5 512 SSD + 16gb HP Win 10,HP,$171.999,ND,ND,https://www.fravega.com/p/notebook-hp-amd-ryzen-5-512-ssd-16gb-hp-win-10-20018191/,2022-03-22 20:33:48
D330,20014843,Notebook Tablet Lenovo Ip D330 Celeron N4020 4gb 64gb Win 10,LENOVO,$51.499,ND,ND,https://www.fravega.com/p/notebook-tablet-lenovo-ip-d330-celeron-n4020-4gb-64gb-win-10-20014843/,2022-03-22 20:33:48
Think Pad E15 G2,20020314,"Notebook Lenovo 15.6"" Core I5-1135G7 8GB RAM 256GB SSD ThinkPad E15G2",LENOVO,$155.000,ND,ND,https://www.fravega.com/p/notebook-lenovo-15-6-core-i5-1135g7-8gb-ram-256gb-ssd-thinkpad-e15g2-20020314/,2022-03-22 20:33:48
ND,50040445,"Notebook Asus 15,6"" Core I3 4GB 256GB X515EA-BR1324T",ASUS,$104.999,ND,ND,https://www.fravega.com/p/notebook-asus-15-6-core-i3-4gb-256gb-x515ea-br1324t-50040445/,2022-03-22 20:33:49
Core i5-10210U,50033157,"Notebook Banghó 15.6"" Intel Core i5 8GB 480GB SSD Max L5 i5 Office 365 Windows 11",BANGHO,$137.699,ND,ND,https://www.fravega.com/p/notebook-bangho-15-6-intel-core-i5-8gb-480gb-ssd-max-l5-i5-office-365-windows-11-50033157/,2022-03-22 20:33:49
ThinkBook 15 G2 ITL,20021819,"Notebook Lenovo 15.6"" Core I5-1135G7 8GB RAM 256GB SSD ThinkBook",LENOVO,$134.110,ND,ND,https://www.fravega.com/p/notebook-lenovo-15-6-core-i5-1135g7-8gb-ram-256gb-ssd-thinkbook--20021819/,2022-03-22 20:33:49
INSP5502-F3GHW-B,364162,"Notebook Dell 15,6” Intel Core i5 12GB 256GB SSD INSP5502-F3GHW-B",DELL,$159.999,ND,ND,https://www.fravega.com/p/notebook-dell-15-6-intel-core-i5-12gb-256gb-ssd-insp5502-f3ghw-b-364162/,2022-03-22 20:33:49
14-CF2531LA,364095,Notebook HP 14” Intel Celeron 4GB 128GB SSD 14-CF2531LA,HP,$59.999,ND,ND,https://www.fravega.com/p/notebook-hp-14-intel-celeron-4gb-128gb-ssd-14-cf2531la-364095/,2022-03-22 20:33:49
XR-140U,363996,Notebook Haier 14” Intel Core i3 4GB 128GB SSD XR-140U,HAIER,$64.999,ND,ND,https://www.fravega.com/p/notebook-haier-14-intel-core-i3-4gb-128gb-ssd-xr-140u-363996/,2022-03-22 20:33:49
FE15i7,50033259,Notebook VAIO Fe 15 Intel Core I7 10510U Windows 10 Home 8 Gb 1 Tb,VAIO,$159.999,ND,ND,https://www.fravega.com/p/notebook-vaio-fe-15-intel-core-i7-10510u-windows-10-home-8-gb-1-tb-50033259/,2022-03-22 20:33:49
2Q9S5LT,20012287,"Notebook 14"" Celeron-N4020 4GB RAM 500GB HHD W10 240G8 - HP",HP,$61.999,ND,ND,https://www.fravega.com/p/notebook-14-celeron-n4020-4gb-ram-500gb-hhd-w10-240g8-hp-20012287/,2022-03-22 20:33:49
Inspiron 15 - 3501,20020318,Notebook Dell Inspiron 3501 15.6’’ Full HD Core i3 128GB SSD 8GB BT Windows 10,DELL,$90.999,ND,ND,https://www.fravega.com/p/notebook-dell-inspiron-3501-15-6-full-hd-core-i3-128gb-ssd-8gb-bt-windows-10-20020318/,2022-03-22 20:33:50
1135G7,50040454,"Notebook Hp 14-Dq2029La I5 1135G7 8Gb 256Gb 14"" Hd Natural Silver",HP,$104.999,ND,ND,https://www.fravega.com/p/notebook-hp-14-dq2029la-i5-1135g7-8gb-256gb-14-hd-natural-silver-50040454/,2022-03-22 20:33:50
ND,364090,"Notebook Lenovo Gamer 15,6"" AMD Ryzen 512GB 8GB IPG3-82EY00PR",LENOVO,$169.999,ND,ND,https://www.fravega.com/p/notebook-lenovo-gamer-15-6-amd-ryzen-512gb-8gb-ipg3-82ey00pr-364090/,2022-03-22 20:33:50
IP1-81VU006Q,363756,"Notebook Lenovo 14"" Intel Pentium 4GB 256GB IP1-81VU006Q",LENOVO,$74.999,ND,ND,https://www.fravega.com/p/notebook-lenovo-14-intel-pentium-4gb-256gb-ip1-81vu006q-363756/,2022-03-22 20:33:50
ND,50039694,"Cloudbook eNova 14"" Celeron N4020 RAM 4GB SSD 480GB Win 10 Home",ENOVA,$53.999,ND,ND,https://www.fravega.com/p/cloudbook-enova-14-celeron-n4020-ram-4gb-ssd-480gb-win-10-home-50039694/,2022-03-22 20:33:50
ND,50035966,Notebook Acer Spin 2 en 1 Pentium QCN6000 - 4Gb - 128GB SSD - 14 - Win 10,ACER,$79.999,ND,ND,https://www.fravega.com/p/notebook-acer-spin-2-1-pentium-qcn6000-4gb-128gb-ssd-14-win-10-50035966/,2022-03-22 20:33:50
Core i3-10110U,50033159,"Notebook Banghó 15.6"" Intel Core i3 8GB 240GB SSD Max L5 i3 Office 365 Windows 11",BANGHO,$118.799,ND,ND,https://www.fravega.com/p/notebook-bangho-15-6-intel-core-i3-8gb-240gb-ssd-max-l5-i3-office-365-windows-11-50033159/,2022-03-22 20:33:50
14-CF2084LA,363988,"Notebook HP 14"" 4GB 128GB Celeron N4020 14-CF2084LA",HP,$62.999,ND,ND,https://www.fravega.com/p/notebook-hp-14-4gb-128gb-celeron-n4020-14-cf2084la-363988/,2022-03-22 20:33:51
Core i7-10510U,50033036,"Notebook Banghó 15.6"" Intel Core i7 8GB 480GB SSD Max L5 i7 Office 365 Windows 11",BANGHO,$161.099,ND,ND,https://www.fravega.com/p/notebook-bangho-15-6-intel-core-i7-8gb-480gb-ssd-max-l5-i7-office-365-windows-11-50033036/,2022-03-22 20:33:51
"Lenovo IdeaPad 5i 15""",20016413,Notebook Lenovo IdeaPad 5i Intel i3 8GB 256GB SSD,LENOVO,$107.999,ND,ND,https://www.fravega.com/p/notebook-lenovo-ideapad-5i-intel-i3-8gb-256gb-ssd-20016413/,2022-03-22 20:33:51
348G7-2E4U1LT,364101,"Notebook HP 14"" Core i3 4GB 1TB 348G7-2E4U1LT",HP,$89.999,ND,ND,https://www.fravega.com/p/notebook-hp-14-core-i3-4gb-1tb-348g7-2e4u1lt-364101/,2022-03-22 20:33:51
ND,20008941,Notebook Lenovo ideaPad 1 Slim,LENOVO,$59.999,ND,ND,https://www.fravega.com/p/notebook-lenovo-ideapad-1-slim-20008941/,2022-03-22 20:33:51
LGN-82AU00B0AR,364056,"Notebook Lenovo Gamer 15,6” i5 8GB 128GB SSD 1TB HDD Legion 5 LGN-82AU00B0AR",LENOVO,$209.999,ND,ND,https://www.fravega.com/p/notebook-lenovo-gamer-15-6-i5-8gb-128gb-ssd-1tb-hdd-legion-5-lgn-82au00b0ar-364056/,2022-03-22 20:33:51
240G8-2Q9S5LT,364116,"Notebook HP 14"" Celeron 4GB 500GB 240G8-2Q9S5LT",HP,$64.999,ND,ND,https://www.fravega.com/p/notebook-hp-14-celeron-4gb-500gb-240g8-2q9s5lt-364116/,2022-03-22 20:33:51
ND,50031856,Notebook Noblex 14.1 N3350 4GB 128GB,NOBLEX,$51.869,ND,ND,https://www.fravega.com/p/notebook-noblex-14-1-n3350-4gb-128gb-50031856/,2022-03-22 20:33:51
Dell Latitude 3410,20007794,"Notebook 14"" Dell Latitude 3410 Intel Core i5 10ma Gen 4GB 500GB Windows 10",DELL,$119.999,ND,ND,https://www.fravega.com/p/notebook-14-dell-latitude-3410-intel-core-i5-10ma-gen-4gb-500gb-windows-10-20007794/,2022-03-22 20:33:52
ND,20007552,"Notebook X-View 14,1"" Novabook V2 Intel Celeron Apollo N3450 4GB 64GB",X-VIEW,$44.999,ND,ND,https://www.fravega.com/p/notebook-x-view-14-1-novabook-v2-intel-celeron-apollo-n3450-4gb-64gb-20007552/,2022-03-22 20:33:52
LEG7-82N600F7,364147,Notebook Lenovo Gamer 16” AMD Ryzen 9 RTX 3080 32GB 1TB SSD LEG7-82N600F7,LENOVO,$529.999,ND,ND,https://www.fravega.com/p/notebook-lenovo-gamer-16-amd-ryzen-9-rtx-3080-32gb-1tb-ssd-leg7-82n600f7-364147/,2022-03-22 20:33:52
EF26,20018189,Notebook HP 15 Ryzen 5 256 SSD + 16gb FHD Win 10,HP,$154.599,ND,ND,https://www.fravega.com/p/notebook-hp-15-ryzen-5-256-ssd-16gb-fhd-win-10-20018189/,2022-03-22 20:33:52
ND,50022324,"MacBook Pro 13"" M1 Chip 8-core CPU 8-core GPU 256GB SSD Space Grey",APPLE,$314.799,ND,ND,https://www.fravega.com/p/macbook-pro-13-m1-chip-8-core-cpu-8-core-gpu-256gb-ssd-space-grey-50022324/,2022-03-22 20:33:52
ND,50022495,"MacBook Air 13"" M1 Chip 8-core CPU 7-core GPU 256GB Silver",APPLE,$241.299,ND,ND,https://www.fravega.com/p/macbook-air-13-m1-chip-8-core-cpu-7-core-gpu-256gb-silver-50022495/,2022-03-22 20:33:52
KL3350,20014996,"Notebook 14"" Kelyx KL3350 Intel Celeron N3350 4GB 64GB 1080p Windows 10 Home Negro",KELYX,$40.999,ND,ND,https://www.fravega.com/p/notebook-14-kelyx-kl3350-intel-celeron-n3350-4gb-64gb-1080p-windows-10-home-negro-20014996/,2022-03-22 20:33:52
NQ5,20003190,"Notebook 14"" iQual NQ5 Intel Core i5 4GB 500GB 1080p Windows 10",IQUAL,$84.999,ND,ND,https://www.fravega.com/p/notebook-14-iqual-nq5-intel-core-i5-4gb-500gb-1080p-windows-10-20003190/,2022-03-22 20:33:53
ND,50022318,"Macbook Pro 16"" (2020) Touch Bar 2.6Ghz 6-Core 9th-gen Core i7 512Gb - Space Grey",APPLE,$499.999,ND,ND,https://www.fravega.com/p/macbook-pro-16-(2020)-touch-bar-2-6ghz-6-core-9th-gen-core-i7-512gb-space-grey-50022318/,2022-03-22 20:33:53
CB74,20003648,Notebook Hp 14 Stream 8gb + 128 ( Emmc + Msd ) / N4000 Negro,HP,$62.599,ND,ND,https://www.fravega.com/p/notebook-hp-14-stream-8gb-128-(-emmc-msd-)-n4000-negro-20003648/,2022-03-22 20:33:53
,50022323,"MacBook Air 13"" M1 Chip 8-core CPU 8-core GPU 512GB Silver",APPLE,$302.199,ND,ND,https://www.fravega.com/p/macbook-air-13-m1-chip-8-core-cpu-8-core-gpu-512gb-silver-50022323/,2022-03-22 20:33:53
ND,50022317,"MacBook Pro 13"" M1 Chip 8-core CPU 8-core GPU 512GB SSD Silver",APPLE,$363.099,ND,ND,https://www.fravega.com/p/macbook-pro-13-m1-chip-8-core-cpu-8-core-gpu-512gb-ssd-silver-50022317/,2022-03-22 20:33:53
ND,50022321,"MacBook Pro 13"" M1 Chip 8-core CPU 8-core GPU 512GB SSD Space Grey",APPLE,$363.099,ND,ND,https://www.fravega.com/p/macbook-pro-13-m1-chip-8-core-cpu-8-core-gpu-512gb-ssd-space-grey-50022321/,2022-03-22 20:33:53
ThinkPaf X1 Fold,20003185,"Notebook Lenovo 13,3"" Core i5-L16G7 8GB RAM 512GB SSD ThinkPad X1 Fold",LENOVO,$608.452,ND,ND,https://www.fravega.com/p/notebook-lenovo-13-3-core-i5-l16g7-8gb-ram-512gb-ssd-thinkpad-x1-fold-20003185/,2022-03-22 20:33:53
Novabook V2,50012338,"Notebook X-View 14,1"" Intel Celeron Apollo N3350 4GB 64GB Novabook V2",X-VIEW,$46.599,ND,ND,https://www.fravega.com/p/notebook-x-view-14-1-intel-celeron-apollo-n3350-4gb-64gb-novabook-v2-50012338/,2022-03-22 20:33:54
240G8-43K41LT,364132,"Notebook HP 14"" Core i5 4GB 256GB 240G8-43K41LT",HP,$109.999,ND,ND,https://www.fravega.com/p/notebook-hp-14-core-i5-4gb-256gb-240g8-43k41lt-364132/,2022-03-22 20:33:54
ND,50025826,"Notebook eNova 14"" Tigerlake I5 1135G7 RAM 8GB SSD 480GB M.2 Windows 10",ENOVA,$173.249,ND,ND,https://www.fravega.com/p/notebook-enova-14-tigerlake-i5-1135g7-ram-8gb-ssd-480gb-m-2-windows-10-50025826/,2022-03-22 20:33:54
EF26,20018193,Notebook HP AMD Ryzen 5 32gb + 980 SSD FHD Win 10,HP,$206.499,ND,ND,https://www.fravega.com/p/notebook-hp-amd-ryzen-5-32gb-980-ssd-fhd-win-10-20018193/,2022-03-22 20:33:54
Novabook V2,20005542,"Notebook X - View NOVABOOK V2.1 14""IPS 64GB DARK BLUE",X-VIEW,$46.599,ND,ND,https://www.fravega.com/p/notebook-x-view-novabook-v2-1-14-ips-64gb-dark-blue-20005542/,2022-03-22 20:33:54
ND,50032744,"MacBook Pro 13"" M1 Chip 8-core CPU 8-core GPU 256GB SSD Silver",APPLE,$314.799,ND,ND,https://www.fravega.com/p/macbook-pro-13-m1-chip-8-core-cpu-8-core-gpu-256gb-ssd-silver-50032744/,2022-03-22 20:33:54
18M30LT,20012362,Notebook 13 Hp X360 435 G7 Amd Ryzen 5 4500u 8gb 256gb Touch,HP,$189.999,ND,ND,https://www.fravega.com/p/notebook-13-hp-x360-435-g7-amd-ryzen-5-4500u-8gb-256gb-touch-20012362/,2022-03-22 20:33:55
ND,50032746,"MacBook Air 13"" M1 Chip 8-core CPU 7-core GPU 256GB Space Grey",APPLE,$241.299,ND,ND,https://www.fravega.com/p/macbook-air-13-m1-chip-8-core-cpu-7-core-gpu-256gb-space-grey-50032746/,2022-03-22 20:33:55
81VS000GAR,20012101,Notebook Lenovo Ideapad Slim 14p Amd A4 9120e 4gb 64gb Win10,LENOVO,$64.999,ND,ND,https://www.fravega.com/p/notebook-lenovo-ideapad-slim-14p-amd-a4-9120e-4gb-64gb-win10-20012101/,2022-03-22 20:33:55
ND,20009415,"Notebook 14"" Lenovo IdeaPad S145 AMD 3020e 4GB 500GB Windows 10 Home",LENOVO,$99.999,ND,ND,https://www.fravega.com/p/notebook-14-lenovo-ideapad-s145-amd-3020e-4gb-500gb-windows-10-home-20009415/,2022-03-22 20:33:55
250 G7,20012361,"Notebook 15,6 Hp 250 G7 Intel Core I3 8130u 4gb 1tb Windows",HP,$124.999,ND,ND,https://www.fravega.com/p/notebook-15-6-hp-250-g7-intel-core-i3-8130u-4gb-1tb-windows-20012361/,2022-03-22 20:33:55
NA-1431,20012191,"Notebook Aiwa 14"" Core i3 8gb Ram Win10",AIWA,$89.999,ND,ND,https://www.fravega.com/p/notebook-aiwa-14-core-i3-8gb-ram-win10-20012191/,2022-03-22 20:33:55
153B5LT,20007815,"Notebook 15,6"" HP 250 G7 Intel Core i3 10ma Gen 4GB 1TB Windows 10 Home",HP,$124.999,ND,ND,https://www.fravega.com/p/notebook-15-6-hp-250-g7-intel-core-i3-10ma-gen-4gb-1tb-windows-10-home-20007815/,2022-03-22 20:33:55
Dell Latitude 3410,20007795,"Notebook 14"" Dell Latitude 3410 Intel Core i3 10ma Gen 4GB 500GB Windows 10",DELL,$109.999,ND,ND,https://www.fravega.com/p/notebook-14-dell-latitude-3410-intel-core-i3-10ma-gen-4gb-500gb-windows-10-20007795/,2022-03-22 20:33:55
ND,50025824,"Cloudbook eNova 14"" Celeron N4020 RAM 4GB SSD 128GB Win 10 Home",ENOVA,$68.595,ND,ND,https://www.fravega.com/p/cloudbook-enova-14-celeron-n4020-ram-4gb-ssd-128gb-win-10-home-50025824/,2022-03-22 20:33:56
ND,50025812,Notebook Hp 15-da2022la Intel I3-10110u 12gb 256 Ssd,HP,$108.999,ND,ND,https://www.fravega.com/p/notebook-hp-15-da2022la-intel-i3-10110u-12gb-256-ssd-50025812/,2022-03-22 20:33:56
ND,50026616,"Notebook eNova 14"" Icelake I7 1065G7 RAM 8GB SSD 480GB M.2 Windows 10 Home",ENOVA,$203.829,ND,ND,https://www.fravega.com/p/notebook-enova-14-icelake-i7-1065g7-ram-8gb-ssd-480gb-m-2-windows-10-home-50026616/,2022-03-22 20:33:56
81VU00HLAR,364070,"Notebook Lenovo IdeaPad 14"" HD Celeron 4GB 128GB 81VU00HLAR",LENOVO,$62.999,ND,ND,https://www.fravega.com/p/notebook-lenovo-ideapad-14-hd-celeron-4gb-128gb-81vu00hlar-364070/,2022-03-22 20:33:56
Inspiron 3505,50025801,Notebook Dell Inspiron 3505,DELL,$83.599,ND,ND,https://www.fravega.com/p/notebook-dell-inspiron-3505-50025801/,2022-03-22 20:33:56
ND,20013474,"Notebook 14"" Dell Latitude 3410 Intel Core i3 10ma Gen 8GB 500GB Windows 10",DELL,$118.999,ND,ND,https://www.fravega.com/p/notebook-14-dell-latitude-3410-intel-core-i3-10ma-gen-8gb-500gb-windows-10-20013474/,2022-03-22 20:33:56
S340,20015117,Notebook 14 Lenovo Ip S340 Amd Ryzen 3 3200u 8gb 1tb Win 10,LENOVO,$100.099,ND,ND,https://www.fravega.com/p/notebook-14-lenovo-ip-s340-amd-ryzen-3-3200u-8gb-1tb-win-10-20015117/,2022-03-22 20:33:57
348 G7,20015127,Notebook 14 Hp 348 G7 Intel Core I3 10ma 4gb 1tb Windows 10,HP,$105.999,ND,ND,https://www.fravega.com/p/notebook-14-hp-348-g7-intel-core-i3-10ma-4gb-1tb-windows-10-20015127/,2022-03-22 20:33:57
Core i5-10210U,50033160,"Notebook Banghó 14"" Intel Core i5 8GB 480GB SSD Max L4 i5 Office 365 Windows 11",BANGHO,$133.199,ND,ND,https://www.fravega.com/p/notebook-bangho-14-intel-core-i5-8gb-480gb-ssd-max-l4-i5-office-365-windows-11-50033160/,2022-03-22 20:33:57
ND,50034977,"MacBook Pro 14"" Apple M1 Pro chip 8-core CPU 14-core GPU - 512GB SSD - Silver",APPLE,$504.999,ND,ND,https://www.fravega.com/p/macbook-pro-14-apple-m1-pro-chip-8-core-cpu-14-core-gpu-512gb-ssd-silver-50034977/,2022-03-22 20:33:57
KL3350,20014997,"Notebook 14"" Kelyx KL3350 Intel Celeron N3350 4GB 64GB 1080p Windows 10 Home Gris",KELYX,$40.999,ND,ND,https://www.fravega.com/p/notebook-14-kelyx-kl3350-intel-celeron-n3350-4gb-64gb-1080p-windows-10-home-gris-20014997/,2022-03-22 20:33:57
M1499CC,20015131,Notebook Iqual Nq5 Intel Core I5 4gb 500gb Windows 10 Fhd,IQUAL,$75.099,ND,ND,https://www.fravega.com/p/notebook-iqual-nq5-intel-core-i5-4gb-500gb-windows-10-fhd-20015131/,2022-03-22 20:33:57
ND,50034643,"Macbook Pro 13"" (2020) Touch Bar 2.0Ghz quad-core 10th-gen Core i5 1TB - Silver",APPLE,$426.999,ND,ND,https://www.fravega.com/p/macbook-pro-13-(2020)-touch-bar-2-0ghz-quad-core-10th-gen-core-i5-1tb-silver-50034643/,2022-03-22 20:33:57
ND,50034642,"Macbook Pro 13"" (2020) Touch Bar 2.0Ghz quad-core 10th-gen Core i5 512Gb - Silver",APPLE,$384.999,ND,ND,https://www.fravega.com/p/macbook-pro-13-(2020)-touch-bar-2-0ghz-quad-core-10th-gen-core-i5-512gb-silver-50034642/,2022-03-22 20:33:58
Core i7-10510U,50033968,"Notebook Banghó Bes T4 Core I7 8GB 480GB SSD 14"" FHD Windows 11 PRO",BANGHO,$174.599,ND,ND,https://www.fravega.com/p/notebook-bangho-bes-t4-core-i7-8gb-480gb-ssd-14-fhd-windows-11-pro-50033968/,2022-03-22 20:33:58
43K41LT,20014858,Notebook Hp 240g8 14 I5-1035g1 4gb 256ssd W10h,HP,$100.999,ND,ND,https://www.fravega.com/p/notebook-hp-240g8-14-i5-1035g1-4gb-256ssd-w10h-20014858/,2022-03-22 20:33:58
ND,50034628,"Macbook Pro 13"" (2020) Touch Bar 2.0Ghz quad-core 10th-gen Core i5 1TB - Space Grey",APPLE,$426.999,ND,ND,https://www.fravega.com/p/macbook-pro-13-(2020)-touch-bar-2-0ghz-quad-core-10th-gen-core-i5-1tb-space-grey-50034628/,2022-03-22 20:33:58
ND,50033775,"MacBook Air 13"" M1 Chip 8-core CPU 7-core GPU 256GB Gold",APPLE,$241.299,ND,ND,https://www.fravega.com/p/macbook-air-13-m1-chip-8-core-cpu-7-core-gpu-256gb-gold-50033775/,2022-03-22 20:33:58
ND,50034981,"MacBook Pro 16"" Apple M1 Pro chip 10-core CPU 16-core GPU - 512GB SSD – Silver",APPLE,$630.999,ND,ND,https://www.fravega.com/p/macbook-pro-16-apple-m1-pro-chip-10-core-cpu-16-core-gpu-512gb-ssd-silver-50034981/,2022-03-22 20:33:58
ND,20013475,"Notebook 14"" Dell Latitude 3410 Intel Core i5 10ma Gen 8GB 500GB Windows 10",DELL,$155.999,ND,ND,https://www.fravega.com/p/notebook-14-dell-latitude-3410-intel-core-i5-10ma-gen-8gb-500gb-windows-10-20013475/,2022-03-22 20:33:58
ND,20013506,"Notebook HP 15.6"" FHD Intel Core i5-1137G7 8GB RAM 512GB SSD Windows 10 Silver",HP,$143.000,ND,ND,https://www.fravega.com/p/notebook-hp-15-6-fhd-intel-core-i5-1137g7-8gb-ram-512gb-ssd-windows-10-silver-20013506/,2022-03-22 20:33:58
15ITL05,20015424,Notebook Lenovo Ideapad 5 Core I3 11va 8gb 256gb Ssd 1080p,LENOVO,$119.999,ND,ND,https://www.fravega.com/p/notebook-lenovo-ideapad-5-core-i3-11va-8gb-256gb-ssd-1080p-20015424/,2022-03-22 20:33:58
ND,20009139,Notebook CX 14 Intel Pentium Gris 4GB SSD256GB Win10Home,CX,$68.699,ND,ND,https://www.fravega.com/p/notebook-cx-14-intel-pentium-gris-4gb-ssd256gb-win10home-20009139/,2022-03-22 20:33:59
ND,20011594,Notebook Asus 14 M09660 Gris oscuro Core i5 1135G7 8GB SSD512GB Win10Home,ASUS,$213.199,ND,ND,https://www.fravega.com/p/notebook-asus-14-m09660-gris-oscuro-core-i5-1135g7-8gb-ssd512gb-win10home-20011594/,2022-03-22 20:33:59
ND,20009033,Notebook CX 14 Pentium N4200 Gris 4GBRam 64GB eMMC Win10Home,CX,$61.399,ND,ND,https://www.fravega.com/p/notebook-cx-14-pentium-n4200-gris-4gbram-64gb-emmc-win10home-20009033/,2022-03-22 20:33:59
ND,50019869,Notebook Haier Hrx156b Intel Celeron N3350 64gb Hdd 4gb,HAIER,$49.999,ND,ND,https://www.fravega.com/p/notebook-haier-hrx156b-intel-celeron-n3350-64gb-hdd-4gb-50019869/,2022-03-22 20:33:59
ND,50019870,Notebook Haier Xr140u 14 Ips Fhd 128gb Ssd 4gb Ram Win 10,HAIER,$64.999,ND,ND,https://www.fravega.com/p/notebook-haier-xr140u-14-ips-fhd-128gb-ssd-4gb-ram-win-10-50019870/,2022-03-22 20:33:59
ND,990003044,"Apple MacBook 13.3"" Retina Ci3 1,1 GHz 256 GB",APPLE,$199.999,ND,ND,https://www.fravega.com/p/apple-macbook-13-3-retina-ci3-1-1-ghz-256-gb-990003044/,2022-03-22 20:33:59
ND,20020987,Notebook Hp 14-cf2077la I3-10110u 4gb 256gb Ssd M.2 Win 10,HP,$99.999,ND,ND,https://www.fravega.com/p/notebook-hp-14-cf2077la-i3-10110u-4gb-256gb-ssd-m-2-win-10-20020987/,2022-03-22 20:34:00
ND,20023054,"Notebook Positivo Bgh At300b 14 , 2gb De Ram 32gb Ssd,",POSITIVO-BGH,$43.999,ND,ND,https://www.fravega.com/p/notebook-positivo-bgh-at300b-14-2gb-de-ram-32gb-ssd--20023054/,2022-03-22 20:34:00
ND,20011611,Notebook Dell 15 Vostro 3500 Negra Core i3 1115G4 4GB 1TB Sin Sistema Operativo,DELL,$99.599,ND,ND,https://www.fravega.com/p/notebook-dell-15-vostro-3500-negra-core-i3-1115g4-4gb-1tb-sin-sistema-operativo-20011611/,2022-03-22 20:34:00
ND,50040466,Notebook X515EA I3 15.6 FHD 256G 4G W10 Asus,ASUS,$89.699,ND,ND,https://www.fravega.com/p/notebook-x515ea-i3-15-6-fhd-256g-4g-w10-asus-50040466/,2022-03-22 20:34:00
ND,50039893,"Notebook eNova 14"" Pentium N4200 + RAM 4GB + SDD 240 Gby + Windows 10 Home",ENOVA,$59.999,ND,ND,https://www.fravega.com/p/notebook-enova-14-pentium-n4200-ram-4gb-sdd-240-gby-windows-10-home-50039893/,2022-03-22 20:34:00
ND,20011613,Notebook Dell 15 Vostro 3500 Negra Core i5 1135G7 4GB 1TB Sin Sistema Operativo,DELL,$137.199,ND,ND,https://www.fravega.com/p/notebook-dell-15-vostro-3500-negra-core-i5-1135g7-4gb-1tb-sin-sistema-operativo-20011613/,2022-03-22 20:34:01
ND,20022467,Notebook Lenovo IdeaPad Flex 5 Ryzen 5 4500 u 8GB Ram 256 GB Ssd 2.375GHz,LENOVO,$129.999,ND,ND,https://www.fravega.com/p/notebook-lenovo-ideapad-flex-5-ryzen-5-4500-u-8gb-ram-256-gb-ssd-2-375ghz--20022467/,2022-03-22 20:34:01
ND,20020279,Dell Inspiron 3501 Procesador Core i3 – 1115G4 3.0 GHz Disco 128 SSD 8 Gb Ram Pantalla 15.6’’ Full HD BT Windows 10,DELL,$110.000,ND,ND,https://www.fravega.com/p/dell-inspiron-3501-procesador-core-i3-1115g4-3-0-ghz-disco-128-ssd-8-gb-ram-pantalla-15-6-full-hd-bt-windows-10-20020279/,2022-03-22 20:34:01
,50019169,Notebook Hp 14-dk1004la R3-3250U QC 4GB 1TB 14 pulgadas,HP,$76.999,ND,ND,https://www.fravega.com/p/notebook-hp-14-dk1004la-r3-3250u-qc-4gb-1tb-14-pulgadas-50019169/,2022-03-22 20:34:01
Lenovo ThinkPad L14 2da Gen (AMD),20016403,Notebook Lenovo ThinkPad L14 Ryzen 7 16GB 512GB SSD Office,LENOVO,$209.999,ND,ND,https://www.fravega.com/p/notebook-lenovo-thinkpad-l14-ryzen-7-16gb-512gb-ssd-office-20016403/,2022-03-22 20:34:01
ND,50038638,Notebook Gfast N-230 i4120w Pentium 4gb SSD 128Gb 4120W Windows 10,GFAST,$64.999,ND,ND,https://www.fravega.com/p/notebook-gfast-n-230-i4120w-pentium-4gb-ssd-128gb-4120w-windows-10-50038638/,2022-03-22 20:34:01
ND,20016112,Notebook Dell 15 Core i5 1135G7 8GB SSD256GB Inspiron 3501 Sin Sistema Operativo,DELL,$147.499,ND,ND,https://www.fravega.com/p/notebook-dell-15-core-i5-1135g7-8gb-ssd256gb-inspiron-3501-sin-sistema-operativo-20016112/,2022-03-22 20:34:01
ND,20016113,Notebook Dell 15 Core i3 1115G4 4GB 1TB Inspiron 3501 Sin Sistema Operativo,DELL,$97.399,ND,ND,https://www.fravega.com/p/notebook-dell-15-core-i3-1115g4-4gb-1tb-inspiron-3501-sin-sistema-operativo-20016113/,2022-03-22 20:34:01
ND,50036271,"Notebook Asus X515EA Core i3 1115G4 15,6""FHD SSD 256Gb 4Gb Free Dos",ASUS,$89.999,ND,ND,https://www.fravega.com/p/notebook-asus-x515ea-core-i3-1115g4-15-6-fhd-ssd-256gb-4gb-free-dos-50036271/,2022-03-22 20:34:02
ND,50034550,Notebook Acer Swift 5 Core i5-1135G7 8Gb SSD 512Gb 14 Windows 10,ACER,$199.999,ND,ND,https://www.fravega.com/p/notebook-acer-swift-5-core-i5-1135g7-8gb-ssd-512gb-14-windows-10-50034550/,2022-03-22 20:34:02
ND,20012245,Notebook Lenovo 20QD001TUS,LENOVO,$189.999,ND,ND,https://www.fravega.com/p/notebook-lenovo-20qd001tus-20012245/,2022-03-22 20:34:02
N15WI3256FHD,50030161,Notebook Noblex N15WI3256FHD,NOBLEX,$93.999,ND,ND,https://www.fravega.com/p/notebook-noblex-n15wi3256fhd-50030161/,2022-03-22 20:34:02
HP Pavilion x360 Convertible 14-dy0502la,20013500,Notebook HP Pavilion x360 Convertible 14-dy0502la (4E8P4LA),HP,$129.999,ND,ND,https://www.fravega.com/p/notebook-hp-pavilion-x360-convertible-14-dy0502la-(4e8p4la)-20013500/,2022-03-22 20:34:03
ND,20016005,Notebook X - View Novabook V2 4GB RAM + 256GB SSD M2,X-VIEW,$53.199,ND,ND,https://www.fravega.com/p/notebook-x-view-novabook-v2-4gb-ram-256gb-ssd-m2-20016005/,2022-03-22 20:34:03
ND,20012253,Notebook Acer CB315-3H-C2C3,ACER,$59.999,ND,ND,https://www.fravega.com/p/notebook-acer-cb315-3h-c2c3-20012253/,2022-03-22 20:34:03
ND,20011783,"Notebook HP 240 G8 14""/i5-1035G1/4GB/256GB/W10H 43K41LT",HP,$93.500,ND,ND,https://www.fravega.com/p/notebook-hp-240-g8-14-i5-1035g1-4gb-256gb-w10h-43k41lt-20011783/,2022-03-22 20:34:03
ND,20012247,Notebook HP 15-DY1032WM,HP,$99.999,ND,ND,https://www.fravega.com/p/notebook-hp-15-dy1032wm-20012247/,2022-03-22 20:34:03
A515-43-R26E,20022510,"NOTEBOOK ACER R3-3200U ASPIRE 5 4GB 256TB 15.6"" TECLADO ILUMINADO SILVER W10H",ACER,$90.999,ND,ND,https://www.fravega.com/p/notebook-acer-r3-3200u-aspire-5-4gb-256tb-15-6-teclado-iluminado-silver-w10h-20022510/,2022-03-22 20:34:03
A315-34-C7RP-AR,20022508,"NOTEBOOK ACER CEL N4000 ASPIRE 3 4GB 500GB 15.6"" W10HSL S/DVD BLACK (A315-34-C7RP-AR)(NX.HE3AL.00C)",ACER,$61.999,ND,ND,https://www.fravega.com/p/notebook-acer-cel-n4000-aspire-3-4gb-500gb-15-6-w10hsl-s-dvd-black-(a315-34-c7rp-ar)(nx-he3al-00c)-20022508/,2022-03-22 20:34:03
ND,20020293,Notebook Asus 14 Core i5 1135G7 8GB SSD128GB Win10Home,ASUS,$255.299,ND,ND,https://www.fravega.com/p/notebook-asus-14-core-i5-1135g7-8gb-ssd128gb-win10home-20020293/,2022-03-22 20:34:04
ND,20022222,Notebook Lenovo IP 3 15.6 i3-10110U 4GB 256SSD W10H 81WB00S6AR,LENOVO,$84.999,ND,ND,https://www.fravega.com/p/notebook-lenovo-ip-3-15-6-i3-10110u-4gb-256ssd-w10h-81wb00s6ar-20022222/,2022-03-22 20:34:04
ND,20016110,Notebook Dell 15 Core i3 1115G4 8GB 256GB Sin Sistema Operativo,DELL,$122.199,ND,ND,https://www.fravega.com/p/notebook-dell-15-core-i3-1115g4-8gb-256gb-sin-sistema-operativo-20016110/,2022-03-22 20:34:04
Lenovo ThinkPad T14s 2da Gen - Storm Grey,20021725,Notebook ThinkPad T14s G2 Intel i7 16GB 512GB SSD Office - Gris,LENOVO,$268.999,ND,ND,https://www.fravega.com/p/notebook-thinkpad-t14s-g2-intel-i7-16gb-512gb-ssd-office-gris-20021725/,2022-03-22 20:34:04
Lenovo Legion 5i (Intel),20021726,Notebook Legion 5 Intel i7 16GB 512GB SSD 15.6 FHD RTX 3060,LENOVO,$319.999,ND,ND,https://www.fravega.com/p/notebook-legion-5-intel-i7-16gb-512gb-ssd-15-6-fhd-rtx-3060-20021726/,2022-03-22 20:34:04
ND,50040481,"Notebook Gfast N-100 Intel Celeron N4000 14"" 4gb 128gb ssd Windows 10",GFAST,$47.999,ND,ND,https://www.fravega.com/p/notebook-gfast-n-100-intel-celeron-n4000-14-4gb-128gb-ssd-windows-10-50040481/,2022-03-22 20:34:04
Lenovo ThinkPad E14 2da Gen,20021724,Notebook Lenovo ThinkPad E14 G2 Intel i5 16GB 512GB SSD Office,LENOVO,$179.999,ND,ND,https://www.fravega.com/p/notebook-lenovo-thinkpad-e14-g2-intel-i5-16gb-512gb-ssd-office-20021724/,2022-03-22 20:34:04
ND,20020898,Notebook Dell 15 Core i5 11320H 8GB SSD256GB Inspiron 5510 Win10Home,DELL,$190.999,ND,ND,https://www.fravega.com/p/notebook-dell-15-core-i5-11320h-8gb-ssd256gb-inspiron-5510-win10home-20020898/,2022-03-22 20:34:04
ND,20020899,Notebook Dell 15 Core i5 11300H 8GB SSD256GB Inspiron 5510 Win10Home,DELL,$180.199,ND,ND,https://www.fravega.com/p/notebook-dell-15-core-i5-11300h-8gb-ssd256gb-inspiron-5510-win10home-20020899/,2022-03-22 20:34:04
ND,50040007,"Notebook Acer Spin 2en1 Celeron 4Gb 128ssd 14"" Touch Win10H Silver SP114-31-C3PZ-AR",ACER,$70.379,ND,ND,https://www.fravega.com/p/notebook-acer-spin-2en1-celeron-4gb-128ssd-14-touch-win10h-silver-sp114-31-c3pz-ar-50040007/,2022-03-22 20:34:05
ND,50040483,Notebook HP Pavilion Amd Ryzen 3 4300u 8gb 256g 310g4la,HP,$109.999,ND,ND,https://www.fravega.com/p/notebook-hp-pavilion-amd-ryzen-3-4300u-8gb-256g-310g4la-50040483/,2022-03-22 20:34:05
ND,50040482,"Notebook Gfast N-130 Intel Celeron N4120 13,5"" 4gb 128gb ssd Windows 11",GFAST,$59.999,ND,ND,https://www.fravega.com/p/notebook-gfast-n-130-intel-celeron-n4120-13-5-4gb-128gb-ssd-windows-11-50040482/,2022-03-22 20:34:05
DK56,20003770,Notebook HP Gamer 15 Core i5 480 SSD + 20gb / 4gb Dedic FHD,HP,$223.399,ND,ND,https://www.fravega.com/p/notebook-hp-gamer-15-core-i5-480-ssd-20gb-4gb-dedic-fhd-20003770/,2022-03-22 20:34:06
DK56,20003772,Notebook HP Gamer 15 Core i5 SSD + HDD + 32gb / 4gb Ded FHD,HP,$266.399,ND,ND,https://www.fravega.com/p/notebook-hp-gamer-15-core-i5-ssd-hdd-32gb-4gb-ded-fhd-20003772/,2022-03-22 20:34:06
FE15 i5,50018863,"Notebook VAIO 15,6"" Core i5-10210U 4GB 1TB FE15 i5",VAIO,$129.999,ND,ND,https://www.fravega.com/p/notebook-vaio-15-6-core-i5-10210u-4gb-1tb-fe15-i5-50018863/,2022-03-22 20:34:06
DK56,20003771,Notebook HP Gamer 15 Core i5 SSD + HDD + 24gb / 4gb Ded FHD,HP,$234.899,ND,ND,https://www.fravega.com/p/notebook-hp-gamer-15-core-i5-ssd-hdd-24gb-4gb-ded-fhd-20003771/,2022-03-22 20:34:06
DK56,20003766,"Notebook HP Gamer 15"" core i5 256 SSD + 8gb / 4gb Dedic FHD",HP,$203.999,ND,ND,https://www.fravega.com/p/notebook-hp-gamer-15-core-i5-256-ssd-8gb-4gb-dedic-fhd-20003766/,2022-03-22 20:34:06
Inspiron14 3000,20020389,Notebook Dell Inspiron 14 Core i3 1005G1 4 GB Ram Disco 128 GB SSD Pantalla 14’’ HD Windows 10,DELL,$73.999,ND,ND,https://www.fravega.com/p/notebook-dell-inspiron-14-core-i3-1005g1-4-gb-ram-disco-128-gb-ssd-pantalla-14-hd-windows-10-20020389/,2022-03-22 20:34:06
DK56,20003767,"Notebook HP Gamer 15"" core i5 512 SSD + 8gb / 4gb Dedic FHD",HP,$226.399,ND,ND,https://www.fravega.com/p/notebook-hp-gamer-15-core-i5-512-ssd-8gb-4gb-dedic-fhd-20003767/,2022-03-22 20:34:06
310B,20003724,Chromebook 11.6 N4020 4gb + 16gb Emmc / Dell Chrome Os,DELL,$46.899,ND,ND,https://www.fravega.com/p/chromebook-11-6-n4020-4gb-16gb-emmc-dell-chrome-os-20003724/,2022-03-22 20:34:07
CB74,20003706,Notebook HP 14 Stream 64gb Emmc SSD + 4gb / N4000 W10 Black,HP,$54.599,ND,ND,https://www.fravega.com/p/notebook-hp-14-stream-64gb-emmc-ssd-4gb-n4000-w10-black-20003706/,2022-03-22 20:34:07
FE15 i7,50018862,"Notebook VAIO 15,6"" Core i7-10510U 4GB RAM 1TB FE15 i7",VAIO,$149.999,ND,ND,https://www.fravega.com/p/notebook-vaio-15-6-core-i7-10510u-4gb-ram-1tb-fe15-i7-50018862/,2022-03-22 20:34:07
FE15 i5 Optane,50022264,Notebook VAIO Fe 15 Optane Intel Core i5 Windows 10 Home 8 Gb 1 Tb,VAIO,$149.999,ND,ND,https://www.fravega.com/p/notebook-vaio-fe-15-optane-intel-core-i5-windows-10-home-8-gb-1-tb-50022264/,2022-03-22 20:34:07
AT560,50033184,Notebook Positivo Bgh At560 Intel Celeron W10 Home 14 4gb,POSITIVO-BGH,$56.999,ND,ND,https://www.fravega.com/p/notebook-positivo-bgh-at560-intel-celeron-w10-home-14-4gb-50033184/,2022-03-22 20:34:07
AT510,50029611,Notebook Positivo Bgh At510 Intel Celeron W10 Home 14 4gb,POSITIVO-BGH,$49.999,ND,ND,https://www.fravega.com/p/notebook-positivo-bgh-at510-intel-celeron-w10-home-14-4gb-50029611/,2022-03-22 20:34:07
ND,20020368,Notebook Lenovo 15 Core i5 1135G7 8GB SSD256GB L15 Sin Sistema Operativo,LENOVO,$174.799,ND,ND,https://www.fravega.com/p/notebook-lenovo-15-core-i5-1135g7-8gb-ssd256gb-l15-sin-sistema-operativo-20020368/,2022-03-22 20:34:08
DK56,20003769,Notebook HP Gamer 15 Core i5 SSD + HDD + 16gb / 4gb Ded FHD,HP,$221.599,ND,ND,https://www.fravega.com/p/notebook-hp-gamer-15-core-i5-ssd-hdd-16gb-4gb-ded-fhd-20003769/,2022-03-22 20:34:08
FE15,50025895,Notebook VAIO Fe 15 Intel Core I3 10110U Windows 10 Home 4 Gb 1 Tb,VAIO,$99.999,ND,ND,https://www.fravega.com/p/notebook-vaio-fe-15-intel-core-i3-10110u-windows-10-home-4-gb-1-tb-50025895/,2022-03-22 20:34:08
82GUS,20005223,Notebook Lenovo 14 AMD Athlon 128 SSD + 4gb / Blue Win 10,LENOVO,$76.699,ND,ND,https://www.fravega.com/p/notebook-lenovo-14-amd-athlon-128-ssd-4gb-blue-win-10-20005223/,2022-03-22 20:34:08
ND,20009806,Notebook CX 14 Intel Pentium 4G+SSD 320G+W10H,CX,$60.273,ND,ND,https://www.fravega.com/p/notebook-cx-14-intel-pentium-4g-ssd-320g-w10h-20009806/,2022-03-22 20:34:08
ND,20009855,Notebook HP 14 240 N4020 500GB 4GB W10HOME,HP,$77.280,ND,ND,https://www.fravega.com/p/notebook-hp-14-240-n4020-500gb-4gb-w10home-20009855/,2022-03-22 20:34:08
DQ02,20008999,Notebook HP 14 Celeron N4020 White 64 eMMC + 4gb / Win 10,HP,$64.999,ND,ND,https://www.fravega.com/p/notebook-hp-14-celeron-n4020-white-64-emmc-4gb-win-10-20008999/,2022-03-22 20:34:09
ND,20009771,Notebook CX 14 Intel Pentium 4G+64G+W10H,CX,$52.907,ND,ND,https://www.fravega.com/p/notebook-cx-14-intel-pentium-4g-64g-w10h-20009771/,2022-03-22 20:34:09
AT500,50019451,"Notebook Positivo BGH 14"" Celeron N3350 4GB RAM 64GB SSD AT500",POSITIVO-BGH,$45.999,ND,ND,https://www.fravega.com/p/notebook-positivo-bgh-14-celeron-n3350-4gb-ram-64gb-ssd-at500-50019451/,2022-03-22 20:34:09
ND,20009802,Notebook HP 14 440 I5-1135G7 8GB SSD 256GB W10PRO,HP,$223.025,ND,ND,https://www.fravega.com/p/notebook-hp-14-440-i5-1135g7-8gb-ssd-256gb-w10pro-20009802/,2022-03-22 20:34:09
DQ38,20005925,Notebook HP 14 Core i3 10ma 32gb 480 SSD / Intel Win 10,HP,$122.299,ND,ND,https://www.fravega.com/p/notebook-hp-14-core-i3-10ma-32gb-480-ssd-intel-win-10-20005925/,2022-03-22 20:34:09
DQ02,20008998,Notebook HP 14 Celeron N4020 64 eMMC + 64gb + 8gb / W10,HP,$72.999,ND,ND,https://www.fravega.com/p/notebook-hp-14-celeron-n4020-64-emmc-64gb-8gb-w10-20008998/,2022-03-22 20:34:09
DQ38,20005680,Notebook HP 14 Core i3 10ma 20gb 480 SSD / Intel Win 10,HP,$114.299,ND,ND,https://www.fravega.com/p/notebook-hp-14-core-i3-10ma-20gb-480-ssd-intel-win-10-20005680/,2022-03-22 20:34:09
DQ38,20005677,Notebook HP 14 Core i3 10ma 8gb 240 SSD / Intel Win 10,HP,$97.699,ND,ND,https://www.fravega.com/p/notebook-hp-14-core-i3-10ma-8gb-240-ssd-intel-win-10-20005677/,2022-03-22 20:34:10
DQ38,20005675,Notebook HP 14 Core i3 10ma 8gb 128 SSD / Intel Win 10,HP,$93.799,ND,ND,https://www.fravega.com/p/notebook-hp-14-core-i3-10ma-8gb-128-ssd-intel-win-10-20005675/,2022-03-22 20:34:10
DQ38,20005678,Notebook HP 14 Core i3 10ma 16gb 240 SSD / Intel Win 10,HP,$106.299,ND,ND,https://www.fravega.com/p/notebook-hp-14-core-i3-10ma-16gb-240-ssd-intel-win-10-20005678/,2022-03-22 20:34:10
DQ38,20005676,Notebook HP 14 Core i3 10ma 16gb 128 SSD / Intel Win 10,HP,$100.000,ND,ND,https://www.fravega.com/p/notebook-hp-14-core-i3-10ma-16gb-128-ssd-intel-win-10-20005676/,2022-03-22 20:34:10
82GUS,20005224,Notebook Lenovo 14 AMD Athlon 256 SSD + 4gb / Blue Win 10,LENOVO,$82.399,ND,ND,https://www.fravega.com/p/notebook-lenovo-14-amd-athlon-256-ssd-4gb-blue-win-10-20005224/,2022-03-22 20:34:10
ND,20009860,Notebook Dell Latitude 3420 Core i5-1135G7 4 GB HDD 1 TB UBUNTU 1Y OS,DELL,$174.717,ND,ND,https://www.fravega.com/p/notebook-dell-latitude-3420-core-i5-1135g7-4-gb-hdd-1-tb-ubuntu-1y-os-20009860/,2022-03-22 20:34:10
ND,20012751,"Notebook Acer Predator Helios 300 PH315-53-76JX i7-10870H 2.2GHz 1TB SSD 32GB 15.6"" NVIDIA® RTX 3080 8GB BLACK",ACER,$499.000,ND,ND,https://www.fravega.com/p/notebook-acer-predator-helios-300-ph315-53-76jx-i7-10870h-2-2ghz-1tb-ssd-32gb-15-6-nvidia-rtx-3080-8gb-black-20012751/,2022-03-22 20:34:10
DS10,20012169,Notebook HP 14 AMD A6 9220e 64 eMMC + 4gb / Win 10,HP,$71.899,ND,ND,https://www.fravega.com/p/notebook-hp-14-amd-a6-9220e-64-emmc-4gb-win-10-20012169/,2022-03-22 20:34:10
X413JA-211,20011946,Notebook Asus Vivobook 4gb Ram 128gb Ssd Intel Core I3,ASUS,$94.999,ND,ND,https://www.fravega.com/p/notebook-asus-vivobook-4gb-ram-128gb-ssd-intel-core-i3-20011946/,2022-03-22 20:34:10
A115-32-C28PP,20011951,"Notebook Acer Aspire A115-32-c28pp 4gb Ram 128gb Emmc 15,6""",ACER,$79.999,ND,ND,https://www.fravega.com/p/notebook-acer-aspire-a115-32-c28pp-4gb-ram-128gb-emmc-15-6--20011951/,2022-03-22 20:34:10
14-DK0022WM,20011944,"Notebook Hp 14"" Amd Ryzen 3 3250u 4gb Ram 128gb Windows 10",HP,$87.999,ND,ND,https://www.fravega.com/p/notebook-hp-14-amd-ryzen-3-3250u-4gb-ram-128gb-windows-10-20011944/,2022-03-22 20:34:11
14AD05,20011569,Notebook Lenovo 3 14ad05 8gb Ram 1tb+128gb Ssd Amd Ryzen 5,LENOVO,$129.999,ND,ND,https://www.fravega.com/p/notebook-lenovo-3-14ad05-8gb-ram-1tb-128gb-ssd-amd-ryzen-5-20011569/,2022-03-22 20:34:11
15-EF1013,20011943,"Notebook Hp 512gb Ssd 8gb Ram Amd Ryzen 7 15,6 Touchscreen",HP,$169.999,ND,ND,https://www.fravega.com/p/notebook-hp-512gb-ssd-8gb-ram-amd-ryzen-7-15-6-touchscreen-20011943/,2022-03-22 20:34:11
14-DQ2055WM,20011945,Notebook Hp 14-dq2055wm 4gb Ram 256gb Ssd Intel Core I3,HP,$92.999,ND,ND,https://www.fravega.com/p/notebook-hp-14-dq2055wm-4gb-ram-256gb-ssd-intel-core-i3-20011945/,2022-03-22 20:34:11
ND,20009943,Notebook HP 14 240 I5-1035G1 SSD256 8GB W10PRO,HP,$148.001,ND,ND,https://www.fravega.com/p/notebook-hp-14-240-i5-1035g1-ssd256-8gb-w10pro-20009943/,2022-03-22 20:34:11
ND,20009902,NOTEBOOK DELL 15.6 VOSTRO 3500 I3-1115G4 4GB 1TB UBUNTU,DELL,$95.405,ND,ND,https://www.fravega.com/p/notebook-dell-15-6-vostro-3500-i3-1115g4-4gb-1tb-ubuntu-20009902/,2022-03-22 20:34:11
DQ38,20005679,Notebook HP 14 Core i3 10ma 20gb 240 SSD / Intel Win 10,HP,$107.499,ND,ND,https://www.fravega.com/p/notebook-hp-14-core-i3-10ma-20gb-240-ssd-intel-win-10-20005679/,2022-03-22 20:34:11
440 I7-10510U 1TB 8GB W10PRO,20009893,Notebook HP 14 440 I7-10510U 1TB 8GB W10PRO,HP,$215.690,ND,ND,https://www.fravega.com/p/notebook-hp-14-440-i7-10510u-1tb-8gb-w10pro-20009893/,2022-03-22 20:34:12
ND,20009911,Notebook HP 14 445 AMD RYZEN5-5600U 8GB SSD256GB W10PRO,HP,$200.565,ND,ND,https://www.fravega.com/p/notebook-hp-14-445-amd-ryzen5-5600u-8gb-ssd256gb-w10pro-20009911/,2022-03-22 20:34:12
R564DA-UH72T,20015006,Notebook Asus Vivobook Tactil 256gb Ssd 8gb Ram Amd Ryzen 7,ASUS,$134.999,ND,ND,https://www.fravega.com/p/notebook-asus-vivobook-tactil-256gb-ssd-8gb-ram-amd-ryzen-7-20015006/,2022-03-22 20:34:12
3505,20015010,Notebook Dell Inspiron Amd Ryzen 3 128gb Ssd 4gb Ram,DELL,$99.999,ND,ND,https://www.fravega.com/p/notebook-dell-inspiron-amd-ryzen-3-128gb-ssd-4gb-ram-20015010/,2022-03-22 20:34:12
ND,20014494,"Notebook Banghó Bes Pro T4 I5 F (14""fhd/8/240/free/gar 2 Años)",BANGHO,$128.258,ND,ND,https://www.fravega.com/p/notebook-bangho-bes-pro-t4-i5-f-(14&quot;fhd-8-240-free-gar-2-anos)-20014494/,2022-03-22 20:34:13
ND,20014513,Notebook Hp 14 440 I5-10210u 8gb Ssd256 W10pro,HP,$190.184,ND,ND,https://www.fravega.com/p/notebook-hp-14-440-i5-10210u-8gb-ssd256-w10pro-20014513/,2022-03-22 20:34:13
ND,20014372,"Notebook Kelyx Kl3450 14"" Ryzen 5 8GB Ram Disco SSD 240 GB M.2 W10h",KELYX,$98.428,ND,ND,https://www.fravega.com/p/notebook-kelyx-kl3450-14-ryzen-5-8gb-ram-disco-ssd-240-gb-m-2-w10h-20014372/,2022-03-22 20:34:13
15ADA05,20015091,Notebook Lenovo Ideapad 3 8gb Ram 256gb Ssd Amd Ryzen 5,LENOVO,$129.499,ND,ND,https://www.fravega.com/p/notebook-lenovo-ideapad-3-8gb-ram-256gb-ssd-amd-ryzen-5-20015091/,2022-03-22 20:34:13
ND,20009916,NOTEBOOK ASUS 14 i5-1135G7 8G SSD512GB W10H,ASUS,$202.244,ND,ND,https://www.fravega.com/p/notebook-asus-14-i5-1135g7-8g-ssd512gb-w10h-20009916/,2022-03-22 20:34:13
Core i7-1165G7,50033969,"Notebook Banghó Bes X4 Core I7 8GB 480GB 14"" FHD Windows 11 Home + Office",BANGHO,$215.999,ND,ND,https://www.fravega.com/p/notebook-bangho-bes-x4-core-i7-8gb-480gb-14-fhd-windows-11-home-office-50033969/,2022-03-22 20:34:14
ND,20009873,NTB BGO BES PRO T5 I5 15&QUOT;/8/240/W10P,BANGHO,$163.315,ND,ND,https://www.fravega.com/p/ntb-bgo-bes-pro-t5-i5-15&quot;-8-240-w10p-20009873/,2022-03-22 20:34:14
Core i5-10210U,50033975,"Notebook Banghó Bes T4 Core I5 8GB 480GB SSD 14"" FHD Windows 11 PRO",BANGHO,$156.599,ND,ND,https://www.fravega.com/p/notebook-bangho-bes-t4-core-i5-8gb-480gb-ssd-14-fhd-windows-11-pro-50033975/,2022-03-22 20:34:14
Core i3-10110U,50033161,"Notebook Banghó 14"" Intel Core i3 8GB 240GB SSD Max L4 i3 Office 365 Windows 11",BANGHO,$114.299,ND,ND,https://www.fravega.com/p/notebook-bangho-14-intel-core-i3-8gb-240gb-ssd-max-l4-i3-office-365-windows-11-50033161/,2022-03-22 20:34:14
ND,20014213,Notebook Hp 14 240 I7-1065g7 1t 8gb,HP,$143.195,ND,ND,https://www.fravega.com/p/notebook-hp-14-240-i7-1065g7-1t-8gb-20014213/,2022-03-22 20:34:14
CB61,20012954,Notebook HP 14 FHD Intel N3060 64 Emmc + 4gb / Win 10,HP,$60.799,ND,ND,https://www.fravega.com/p/notebook-hp-14-fhd-intel-n3060-64-emmc-4gb-win-10-20012954/,2022-03-22 20:34:15
ND,20013508,"Asus ROG 14"" FHD Gaming Laptop, AMD Ryzen 9 5900HS, 16GB RAM, 1TB HDD, NVIDIA GeForce RTX 3060 6GB, Windows 10",ASUS,$365.000,ND,ND,https://www.fravega.com/p/asus-rog-14-fhd-gaming-laptop-amd-ryzen-9-5900hs-16gb-ram-1tb-hdd-nvidia-geforce-rtx-3060-6gb-windows-10--20013508/,2022-03-22 20:34:15
ND,20012759,"Notebook MSI GL65 Leopard 10SFSK-493 Core i7-10750H 2.6GHz 1TB + 512 GB SSD 16GB 15.6"" NVIDIA RTX 2070 SUPER 8GB",MSI,$430.000,ND,ND,https://www.fravega.com/p/notebook-msi-gl65-leopard-10sfsk-493-core-i7-10750h-2-6ghz-1tb-512-gb-ssd-16gb-15-6-nvidia-rtx-2070-super-8gb-20012759/,2022-03-22 20:34:15
A515-43-R19L,20015260,"Notebook Acer Aspire 4gb Ram 128gb Ssd Amd Ryzen 3 15,6",ACER,$94.999,ND,ND,https://www.fravega.com/p/notebook-acer-aspire-4gb-ram-128gb-ssd-amd-ryzen-3-15-6-20015260/,2022-03-22 20:34:15
14-DQ2088WM,20015137,"Notebook Hp 14"" Hd 8gb Ram 256gb Ssd Intel Core I5 11th Gen",HP,$139.999,ND,ND,https://www.fravega.com/p/notebook-hp-14-hd-8gb-ram-256gb-ssd-intel-core-i5-11th-gen-20015137/,2022-03-22 20:34:15
Core i5-10210U,50033301,"Notebook Banghó 15,6"" Core i5 8GB SSD 480GB Windows 11 Pro - Bes T5 i5 Pro",BANGHO,$161.099,ND,ND,https://www.fravega.com/p/notebook-bangho-15-6-core-i5-8gb-ssd-480gb-windows-11-pro-bes-t5-i5-pro-50033301/,2022-03-22 20:34:15
ND,20012758,"Notebook Lenovo Legion 5 Pro 16ACH6H Ryzen 7 5800H 3.2GHz 512GB SSD 16GB 16"" 2K NVIDIA RTX 3070 8GB STORM GREY/BLACK RGB Backlit Keyboard",LENOVO,$425.999,ND,ND,https://www.fravega.com/p/notebook-lenovo-legion-5-pro-16ach6h-ryzen-7-5800h-3-2ghz-512gb-ssd-16gb-16-2k-nvidia-rtx-3070-8gb-storm-grey-black-rgb-backlit-keyboard-20012758/,2022-03-22 20:34:15
A315-23-R4NP,20015257,"Notebook Acer 8gb Ram 256gb Ssd Amd Ryzen 3 15,6 Full Hd",ACER,$109.999,ND,ND,https://www.fravega.com/p/notebook-acer-8gb-ram-256gb-ssd-amd-ryzen-3-15-6-full-hd-20015257/,2022-03-22 20:34:16
3505,20015221,"Notebook Dell 8gb Ram 256gb Ssd Amd Ryzen 3 3250u 15,6"" Fhd",DELL,$109.999,ND,ND,https://www.fravega.com/p/notebook-dell-8gb-ram-256gb-ssd-amd-ryzen-3-3250u-15-6-fhd-20015221/,2022-03-22 20:34:16
14-DK1013DX,20015218,Notebook Hp 14-dk1013dx 4gb Ram 128gb Ssd Amd Athlon Silver,HP,$74.999,ND,ND,https://www.fravega.com/p/notebook-hp-14-dk1013dx-4gb-ram-128gb-ssd-amd-athlon-silver-20015218/,2022-03-22 20:34:16
15ARE05,20015252,"Notebook Lenovo 15,6 Touchscreen 8gb Ram Ryzen 7 512gb Ssd",LENOVO,$157.999,ND,ND,https://www.fravega.com/p/notebook-lenovo-15-6-touchscreen-8gb-ram-ryzen-7-512gb-ssd-20015252/,2022-03-22 20:34:16
A315-23-R77F,20015254,Notebook Acer Aspire 3 Amd Athlon Silver 2.3ghz 256gb 8gb,ACER,$89.999,ND,ND,https://www.fravega.com/p/notebook-acer-aspire-3-amd-athlon-silver-2-3ghz-256gb-8gb-20015254/,2022-03-22 20:34:16
15IMH05,20015215,Notebook Lenovo 8gb Ram 256gb Ssd Core I5 Nvidia Gtx 1650ti,LENOVO,$169.999,ND,ND,https://www.fravega.com/p/notebook-lenovo-8gb-ram-256gb-ssd-core-i5-nvidia-gtx-1650ti-20015215/,2022-03-22 20:34:16
X512JA-211.VBGB,20015191,Notebook Asus Vivobook 15.6 I7-10ma Gen 8gb 1tb 256gb Gris,ASUS,$159.999,ND,ND,https://www.fravega.com/p/notebook-asus-vivobook-15-6-i7-10ma-gen-8gb-1tb-256gb-gris-20015191/,2022-03-22 20:34:16
EV-C-156-2,20015144,Notebook Evoo Ultra Thin 8gb Ram 256gb Ssd Intel Core I7,EVOO,$99.999,ND,ND,https://www.fravega.com/p/notebook-evoo-ultra-thin-8gb-ram-256gb-ssd-intel-core-i7-20015144/,2022-03-22 20:34:16
A515-55-35SE,20015185,Notebook Acer Aspire 5 15.6 Intel Core I3 4gb 128gb Ssd,ACER,$87.999,ND,ND,https://www.fravega.com/p/notebook-acer-aspire-5-15-6-intel-core-i3-4gb-128gb-ssd-20015185/,2022-03-22 20:34:16
82KU003NUS,20015186,Notebook Lenovo Amd Ryzen 5 8gb Ram 256gb Ssd Windows10,LENOVO,$129.999,ND,ND,https://www.fravega.com/p/notebook-lenovo-amd-ryzen-5-8gb-ram-256gb-ssd-windows10-20015186/,2022-03-22 20:34:16
ASUS-90NB0Q65-M06560,20015141,Notebook Asus 15 Intel Celeron N4020 Uhd 4gb 128 Gb Ssd Fhd,ASUS,$69.999,ND,ND,https://www.fravega.com/p/notebook-asus-15-intel-celeron-n4020-uhd-4gb-128-gb-ssd-fhd-20015141/,2022-03-22 20:34:17
82KU00A9US,20015183,"Notebook Lenovo 8gb Ram 256gb Amd Ryzen 5 15,6"" Full Hd",LENOVO,$119.999,ND,ND,https://www.fravega.com/p/notebook-lenovo-8gb-ram-256gb-amd-ryzen-5-15-6-full-hd-20015183/,2022-03-22 20:34:17
81YM0060US,20015184,"Notebook Lenovo Ideapad 5 Amd Ryzen 7 256gb Ssd 8gb Ram 14""",LENOVO,$148.999,ND,ND,https://www.fravega.com/p/notebook-lenovo-ideapad-5-amd-ryzen-7-256gb-ssd-8gb-ram-14--20015184/,2022-03-22 20:34:17
ND,20018577,"Notebook Banghó Max L4 I3 (14""hd/8/240/w11h/gar1año)",BANGHO,$108.758,ND,ND,https://www.fravega.com/p/notebook-bangho-max-l4-i3-(14&quot;hd-8-240-w11h-gar1ano)-20018577/,2022-03-22 20:34:17
ND,20018515,"Ntb Asus X515ea I3/15.6""fhd/256g/4g/fdos",ASUS,$102.699,ND,ND,https://www.fravega.com/p/ntb-asus-x515ea-i3-15-6&quot;fhd-256g-4g-fdos-20018515/,2022-03-22 20:34:17
ND,20018487,"Ntb Asus X515ea I7/15.6""fhd/512g/8g/fdos",ASUS,$186.107,ND,ND,https://www.fravega.com/p/ntb-asus-x515ea-i7-15-6&quot;fhd-512g-8g-fdos-20018487/,2022-03-22 20:34:17
ND,20018504,Notebook Dell 15.6 Lati 3520 I3-1115g4 8g 256gb Ubun,DELL,$115.529,ND,ND,https://www.fravega.com/p/notebook-dell-15-6-lati-3520-i3-1115g4-8g-256gb-ubun-20018504/,2022-03-22 20:34:17
ND,20018587,"Notebook Banghó Max L4 I3 F (14""hd/8/240/free/gar1año)",BANGHO,$93.035,ND,ND,https://www.fravega.com/p/notebook-bangho-max-l4-i3-f-(14&quot;hd-8-240-free-gar1ano)-20018587/,2022-03-22 20:34:18
ND,20018271,Notebook Hp 14 240 I7-1065g7 8gb Ssd256 1tb,HP,$151.879,ND,ND,https://www.fravega.com/p/notebook-hp-14-240-i7-1065g7-8gb-ssd256-1tb-20018271/,2022-03-22 20:34:18
CP25,20018197,Notebook HP AMD Ryzen 5 512 SSD + 16gb / TOUCH Win 10,HP,$202.499,ND,ND,https://www.fravega.com/p/notebook-hp-amd-ryzen-5-512-ssd-16gb-touch-win-10-20018197/,2022-03-22 20:34:18
EF26,20018192,Notebook HP AMD Ryzen 5 512 SSD + 32gb FHD W10,HP,$196.204,ND,ND,https://www.fravega.com/p/notebook-hp-amd-ryzen-5-512-ssd-32gb-fhd-w10-20018192/,2022-03-22 20:34:19
NA31,20015902,Chromebook HP 14 Intel 64 Emmc + 4gb / Chrome OS,HP,$55.699,ND,ND,https://www.fravega.com/p/chromebook-hp-14-intel-64-emmc-4gb-chrome-os-20015902/,2022-03-22 20:34:19
EF26,20018188,Notebook HP 15 FHD Ryzen 5 256 SSD + 8gb RAM Win 10,HP,$152.099,ND,ND,https://www.fravega.com/p/notebook-hp-15-fhd-ryzen-5-256-ssd-8gb-ram-win-10-20018188/,2022-03-22 20:34:19
ND,20018569,"Notebook Banghó Max L4 I5 F (14""hd/8/240/free/gar1año)",BANGHO,$113.685,ND,ND,https://www.fravega.com/p/notebook-bangho-max-l4-i5-f-(14&quot;hd-8-240-free-gar1ano)-20018569/,2022-03-22 20:34:20
ND,20018486,"Notebook Banghó Max L5 I5 (15,6""hd/8/240/w11h/gar1año)",BANGHO,$129.203,ND,ND,https://www.fravega.com/p/notebook-bangho-max-l5-i5-(15-6&quot;hd-8-240-w11h-gar1ano)-20018486/,2022-03-22 20:34:20
ND,20018588,"Notebook Banghó Max L4 I5 1(4""hd/8/240/w11h/gar1año)",BANGHO,$129.155,ND,ND,https://www.fravega.com/p/notebook-bangho-max-l4-i5-1(4&quot;hd-8-240-w11h-gar1ano)-20018588/,2022-03-22 20:34:20
ND,20021040,Notebook Lenovo 15.6 E15 I5-1135g7 8gb Ssd256 Gtia3os,LENOVO,$172.669,ND,ND,https://www.fravega.com/p/notebook-lenovo-15-6-e15-i5-1135g7-8gb-ssd256-gtia3os-20021040/,2022-03-22 20:34:20
ND,20020556,Notebook Hp 14 840 I7-1165g7 Ssd512 8gb W10pro,HP,$276.909,ND,ND,https://www.fravega.com/p/notebook-hp-14-840-i7-1165g7-ssd512-8gb-w10pro-20020556/,2022-03-22 20:34:20
GF75THIN10SDK-456,20020972,"Notebook MSI GF75 Thin Intel Core i7 1Tb HDD 16Gb RAM 17.3"" GeForce GTX 1660 Ti",MSI,$299.000,ND,ND,https://www.fravega.com/p/notebook-msi-gf75-thin-intel-core-i7-1tb-hdd-16gb-ram-17-3-geforce-gtx-1660-ti--20020972/,2022-03-22 20:34:20
ND,20018449,"Ntb Asus X515ea I5/15.6""fhd/256g/8g/fdos",ASUS,$141.729,ND,ND,https://www.fravega.com/p/ntb-asus-x515ea-i5-15-6&quot;fhd-256g-8g-fdos-20018449/,2022-03-22 20:34:21
ND,20018461,"Notebook Banghó Bes Pro T4 I5 F (14""/8/240/free Soft/gar2años)",BANGHO,$128.256,ND,ND,https://www.fravega.com/p/notebook-bangho-bes-pro-t4-i5-f-(14&quot;-8-240-free-soft-gar2anos)-20018461/,2022-03-22 20:34:21
ND,20020554,Notebook Hp 14 245 Amd Ryzen5-5500u 1t 8gb,HP,$114.295,ND,ND,https://www.fravega.com/p/notebook-hp-14-245-amd-ryzen5-5500u-1t-8gb-20020554/,2022-03-22 20:34:21
ND,20020555,Notebook Hp 14 440 I5-1135g7 8gb Ssd 512gb W10pro,HP,$159.103,ND,ND,https://www.fravega.com/p/notebook-hp-14-440-i5-1135g7-8gb-ssd-512gb-w10pro-20020555/,2022-03-22 20:34:21
ND,20018951,Notebook Asus 14 I5-1135g7 8g Ssd512gb W10h,ASUS,$240.830,ND,ND,https://www.fravega.com/p/notebook-asus-14-i5-1135g7-8g-ssd512gb-w10h-20018951/,2022-03-22 20:34:21
ND,20018924,"Notebool Banghó Max L5 I3 (15""hd/8/240/w11h/gaar1año)",BANGHO,$109.701,ND,ND,https://www.fravega.com/p/notebool-bangho-max-l5-i3-(15&quot;hd-8-240-w11h-gaar1ano)-20018924/,2022-03-22 20:34:21
ND,20018919,Notebook Hp 14 840 I5-10310u 8gb Ssd512gb W10pro,HP,$214.447,ND,ND,https://www.fravega.com/p/notebook-hp-14-840-i5-10310u-8gb-ssd512gb-w10pro-20018919/,2022-03-22 20:34:21
ND,20018846,Notebook Dell 15.6 Insp 3501 I3-1115g4 4g 1tb Ubuntu,DELL,$93.412,ND,ND,https://www.fravega.com/p/notebook-dell-15-6-insp-3501-i3-1115g4-4g-1tb-ubuntu-20018846/,2022-03-22 20:34:22
ND,20018643,Dell Latitude 5420: I5-1135g7 8 Gb M.2 256 Gb Win 10 Pro 3y Os,DELL,$224.480,ND,ND,https://www.fravega.com/p/dell-latitude-5420:-i5-1135g7-8-gb-m-2-256-gb-win-10-pro-3y-os-20018643/,2022-03-22 20:34:22
ND,20018641,"Asus E410 14"" N4020 4gb 128gb W10pro Cin 1 Año",ASUS,$87.301,ND,ND,https://www.fravega.com/p/asus-e410-14&quot;-n4020-4gb-128gb-w10pro-cin-1-ano-20018641/,2022-03-22 20:34:22
ND,20020487,Hp Notebook Hp 840g8 14 I5-1135g7 8gb 512ssd W10p,HP,$215.249,ND,ND,https://www.fravega.com/p/hp-notebook-hp-840g8-14-i5-1135g7-8gb-512ssd-w10p-20020487/,2022-03-22 20:34:22
ND,20021045,Hp Notebook Hp 245g8 14 R5-5500 8gb 1tb Freedos,HP,$116.446,ND,ND,https://www.fravega.com/p/hp-notebook-hp-245g8-14-r5-5500-8gb-1tb-freedos-20021045/,2022-03-22 20:34:22
81MH0054AR,20021666,Lenovo Chromebook 14e Amd A4 9120c 8gb 64gb 1080p Chrome Os,LENOVO,$53.999,ND,ND,https://www.fravega.com/p/lenovo-chromebook-14e-amd-a4-9120c-8gb-64gb-1080p-chrome-os-20021666/,2022-03-22 20:34:23
82A300BAAR,20021660,Notebook Lenovo Yoga Slim 7 Core I5 11va 8gb 256gb 1080p W10,LENOVO,$169.999,ND,ND,https://www.fravega.com/p/notebook-lenovo-yoga-slim-7-core-i5-11va-8gb-256gb-1080p-w10-20021660/,2022-03-22 20:34:23
EF26,20018190,Notebook AMD Ryzen 5 FHD 8gb + 512 SSD Windows 10,HP,$164.199,ND,ND,https://www.fravega.com/p/notebook-amd-ryzen-5-fhd-8gb-512-ssd-windows-10--20018190/,2022-03-22 20:34:24
ND,20021535,Hp Notebook Hp 440g8 14 I5-1135g7 8gb 512ssd W10p,HP,$155.950,ND,ND,https://www.fravega.com/p/hp-notebook-hp-440g8-14-i5-1135g7-8gb-512ssd-w10p-20021535/,2022-03-22 20:34:24
ND,20021532,Hp Notebook Hp 445g8 14 R5-5600u 8gb 256ssd W10p,HP,$164.950,ND,ND,https://www.fravega.com/p/hp-notebook-hp-445g8-14-r5-5600u-8gb-256ssd-w10p-20021532/,2022-03-22 20:34:24
ND,20021528,Hp Notebooks Hp 440g8 14 I7-1165g7 8gb 512ssd W10p,HP,$259.808,ND,ND,https://www.fravega.com/p/hp-notebooks-hp-440g8-14-i7-1165g7-8gb-512ssd-w10p-20021528/,2022-03-22 20:34:24
ND,20018822,"Notebook Banghó Max L5 I3 F (15,6""hd/8/240/free Soft/gar1año)",BANGHO,$95.135,ND,ND,https://www.fravega.com/p/notebook-bangho-max-l5-i3-f-(15-6&quot;hd-8-240-free-soft-gar1ano)-20018822/,2022-03-22 20:34:24
ND,20021538,Hp Notebook Hp 240g8 14 Celn4020 4gb 500hd W10h,HP,$67.697,ND,ND,https://www.fravega.com/p/hp-notebook-hp-240g8-14-celn4020-4gb-500hd-w10h-20021538/,2022-03-22 20:34:24
ND,20018685,"Notebook 15"" Alienware Core I7/16gb/ssd 512/video3070/wind10",DELL,$503.567,ND,ND,https://www.fravega.com/p/notebook-15&quot;-alienware-core-i7-16gb-ssd-512-video3070-wind10-20018685/,2022-03-22 20:34:24
ND,20021526,Notebook Dell 15.6 Insp 5510 I5-11300h 8g 256g W10home,DELL,$171.189,ND,ND,https://www.fravega.com/p/notebook-dell-15-6-insp-5510-i5-11300h-8g-256g-w10home-20021526/,2022-03-22 20:34:24
ND,20021100,Lenovo Thinkpad L14 Gen2: I5-1165g7 8gb 256gb W10 Pro,LENOVO,$211.446,ND,ND,https://www.fravega.com/p/lenovo-thinkpad-l14-gen2:-i5-1165g7-8gb-256gb-w10-pro-20021100/,2022-03-22 20:34:25
ND,20021525,Notebook Hp 14 840 I5-10310u 16gb Ssd256gb W10pro,HP,$249.328,ND,ND,https://www.fravega.com/p/notebook-hp-14-840-i5-10310u-16gb-ssd256gb-w10pro-20021525/,2022-03-22 20:34:25
ND,20021083,Lenovo Thinkbook 15 G2: I5-1135g7 8gb 256gb Sin So 1 Año Os,LENOVO,$154.475,ND,ND,https://www.fravega.com/p/lenovo-thinkbook-15-g2:-i5-1135g7-8gb-256gb-sin-so-1-ano-os-20021083/,2022-03-22 20:34:25
ND,20021093,"Notebook Banghó Max L4 I1 F (14""hd/4/120/freesoft/gar1año)",BANGHO,$51.371,ND,ND,https://www.fravega.com/p/notebook-bangho-max-l4-i1-f-(14&quot;hd-4-120-freesoft-gar1ano)-20021093/,2022-03-22 20:34:25
ND,20021667,Notebook Lenovo Ideapad 1 Celeron N4020 4gb 256gb Ssd,LENOVO,$53.999,ND,ND,https://www.fravega.com/p/notebook-lenovo-ideapad-1-celeron-n4020-4gb-256gb-ssd-20021667/,2022-03-22 20:34:25
S150,20021662,Notebook 14 Lenovo Ideapad 1 Slim Amd A4 9120e 4gb 64gb W10,LENOVO,$59.999,ND,ND,https://www.fravega.com/p/notebook-14-lenovo-ideapad-1-slim-amd-a4-9120e-4gb-64gb-w10-20021662/,2022-03-22 20:34:25
ND,20021088,Notebook Hp 14 445 Amd Ryzen5-5600u 8gb Ssd256gb W10pro,HP,$198.492,ND,ND,https://www.fravega.com/p/notebook-hp-14-445-amd-ryzen5-5600u-8gb-ssd256gb-w10pro-20021088/,2022-03-22 20:34:25
ND,20021087,Notebook Dell 15.6 Insp 5510 I5-11320h 8g 256gb W10home,DELL,$180.337,ND,ND,https://www.fravega.com/p/notebook-dell-15-6-insp-5510-i5-11320h-8g-256gb-w10home-20021087/,2022-03-22 20:34:25
I351,20023137,Notebook Dell 15 TouchScreen Core i7 11va 32gb + 512gb SSD / Intel Win,DELL,$500.000,ND,ND,https://www.fravega.com/p/notebook-dell-15-touchscreen-core-i7-11va-32gb-512gb-ssd-intel-win-20023137/,2022-03-22 20:34:25
I351,20023136,Notebook Dell 15 TouchScreen Core i7 11va 16gb + 512gb SSD / Intel Win,DELL,$500.000,ND,ND,https://www.fravega.com/p/notebook-dell-15-touchscreen-core-i7-11va-16gb-512gb-ssd-intel-win-20023136/,2022-03-22 20:34:26
CP03,20023133,Notebook HP 17 Ryzen 3 5300U 16gb + 256gb SSD 1TB / AMD Win,HP,$500.000,ND,ND,https://www.fravega.com/p/notebook-hp-17-ryzen-3-5300u-16gb-256gb-ssd-1tb-amd-win-20023133/,2022-03-22 20:34:26
I351,20023135,Notebook Dell 15 TouchScreen Core i7 11va 32gb + 256gb SSD / Intel Win,DELL,$500.000,ND,ND,https://www.fravega.com/p/notebook-dell-15-touchscreen-core-i7-11va-32gb-256gb-ssd-intel-win-20023135/,2022-03-22 20:34:26
CP03,20023132,Notebook HP 17 Ryzen 3 5300U 32gb + 512gb SSD / AMD Win,HP,$500.000,ND,ND,https://www.fravega.com/p/notebook-hp-17-ryzen-3-5300u-32gb-512gb-ssd-amd-win-20023132/,2022-03-22 20:34:26
CP03,20023131,Notebook HP 17 Ryzen 3 5300U 16gb + 512gb SSD / AMD Win,HP,$500.000,ND,ND,https://www.fravega.com/p/notebook-hp-17-ryzen-3-5300u-16gb-512gb-ssd-amd-win-20023131/,2022-03-22 20:34:26
ND,20022307,"Notebook 15"" Dell Inspiron Serie 3000 Core I3/4gb/ssd256/ubuntu",DELL,$108.131,ND,ND,https://www.fravega.com/p/notebook-15&quot;-dell-inspiron-serie-3000-core-i3-4gb-ssd256-ubuntu-20022307/,2022-03-22 20:34:26
CP03,20023129,Notebook HP 17 Ryzen 3 5300U 8gb + 256gb SSD / AMD Win,HP,$500.000,ND,ND,https://www.fravega.com/p/notebook-hp-17-ryzen-3-5300u-8gb-256gb-ssd-amd-win-20023129/,2022-03-22 20:34:27
CP03,20023130,Notebook HP 17 Ryzen 3 5300U 16gb + 256gb SSD / AMD Win,HP,$500.000,ND,ND,https://www.fravega.com/p/notebook-hp-17-ryzen-3-5300u-16gb-256gb-ssd-amd-win-20023130/,2022-03-22 20:34:27
ND,20022016,Hp Notebook Hp 245g8 14 R3-5300u 8gb 1t Freedos,HP,$95.484,ND,ND,https://www.fravega.com/p/hp-notebook-hp-245g8-14-r3-5300u-8gb-1t-freedos-20022016/,2022-03-22 20:34:27
ND,20021882,"Notebook Banghó Max L4 I1 F ( 14""hd/4/120/free Soft/gar1año)",BANGHO,$51.371,ND,ND,https://www.fravega.com/p/notebook-bangho-max-l4-i1-f-(-14&quot;hd-4-120-free-soft-gar1ano)-20021882/,2022-03-22 20:34:27
ND,20021853,"Notebook HP 15"" Core i7 11va 16gb + 256gb SSD / Intel Win",HP,$212.299,ND,ND,https://www.fravega.com/p/notebook-hp-15-core-i7-11va-16gb-256gb-ssd-intel-win-20021853/,2022-03-22 20:34:27
ND,20021847,"Notebook HP 15"" FHD Core i7 11va 16gb + 512 SSD / TOUCH Intel Win",HP,$276.099,ND,ND,https://www.fravega.com/p/notebook-hp-15-fhd-core-i7-11va-16gb-512-ssd-touch-intel-win-20021847/,2022-03-22 20:34:27
I351,20023134,Notebook Dell 15 TouchScreen Core i7 11va 16gb + 256gb SSD / Intel Win,DELL,$500.000,ND,ND,https://www.fravega.com/p/notebook-dell-15-touchscreen-core-i7-11va-16gb-256gb-ssd-intel-win-20023134/,2022-03-22 20:34:28
I351,20023138,Notebook Dell 15 TouchScreen Core i7 11va 32gb + 1tb SSD / Intel Win,DELL,$500.000,ND,ND,https://www.fravega.com/p/notebook-dell-15-touchscreen-core-i7-11va-32gb-1tb-ssd-intel-win-20023138/,2022-03-22 20:34:29
81Y6,20023139,Notebook Lenovo Gamer 15 Core i7 10ma 16gb + 512gb SSD 1tb / Intel NVIDIA,LENOVO,$500.000,ND,ND,https://www.fravega.com/p/notebook-lenovo-gamer-15-core-i7-10ma-16gb-512gb-ssd-1tb-intel-nvidia-20023139/,2022-03-22 20:34:29
81Y4,20023141,Notebook Lenovo Gamer 15 Core i7 10ma 32gb + 1tb SSD 2tb / Intel NVIDIA,LENOVO,$500.000,ND,ND,https://www.fravega.com/p/notebook-lenovo-gamer-15-core-i7-10ma-32gb-1tb-ssd-2tb-intel-nvidia-20023141/,2022-03-22 20:34:29
81Y5,20023140,Notebook Lenovo Gamer 15 Core i7 10ma 32gb + 512gb SSD 1tb / Intel NVIDIA,LENOVO,$500.000,ND,ND,https://www.fravega.com/p/notebook-lenovo-gamer-15-core-i7-10ma-32gb-512gb-ssd-1tb-intel-nvidia-20023140/,2022-03-22 20:34:29
